k_heads_ablated,accuracy,last_head_removed
0,0.025316454470157623,
0,0.025316454470157623,
0,0.025316454470157623,
0,0.025316454470157623,
0,0.025316454470157623,
1,0.025316454470157623,"(26, 1)"
1,0.025316454470157623,"(0, 30)"
1,0.025316454470157623,"(1, 26)"
1,0.025316454470157623,"(7, 9)"
1,0.025316454470157623,"(30, 13)"
2,0.025316454470157623,"(25, 22)"
2,0.025316454470157623,"(19, 28)"
2,0.025316454470157623,"(19, 30)"
2,0.025316454470157623,"(31, 4)"
2,0.025316454470157623,"(4, 18)"
3,0.025316454470157623,"(21, 1)"
3,0.025316454470157623,"(29, 16)"
3,0.025316454470157623,"(23, 21)"
3,0.025316454470157623,"(26, 22)"
3,0.025316454470157623,"(25, 31)"
4,0.025316454470157623,"(18, 16)"
4,0.025316454470157623,"(6, 18)"
4,0.025316454470157623,"(21, 15)"
4,0.025316454470157623,"(7, 13)"
4,0.03375527262687683,"(7, 8)"
5,0.025316454470157623,"(1, 26)"
5,0.025316454470157623,"(15, 23)"
5,0.025316454470157623,"(2, 6)"
5,0.025316454470157623,"(22, 2)"
5,0.03375527262687683,"(30, 9)"
6,0.025316454470157623,"(31, 2)"
6,0.02109704539179802,"(3, 24)"
6,0.025316454470157623,"(17, 28)"
6,0.025316454470157623,"(16, 21)"
6,0.03375527262687683,"(24, 30)"
7,0.025316454470157623,"(0, 16)"
7,0.02109704539179802,"(14, 24)"
7,0.025316454470157623,"(20, 4)"
7,0.025316454470157623,"(21, 26)"
7,0.03375527262687683,"(13, 16)"
8,0.025316454470157623,"(29, 2)"
8,0.03375527262687683,"(7, 10)"
8,0.025316454470157623,"(27, 16)"
8,0.03375527262687683,"(0, 18)"
8,0.03375527262687683,"(31, 10)"
9,0.025316454470157623,"(5, 9)"
9,0.03375527262687683,"(29, 1)"
9,0.025316454470157623,"(24, 27)"
9,0.025316454470157623,"(21, 8)"
9,0.03375527262687683,"(10, 28)"
10,0.025316454470157623,"(15, 15)"
10,0.037974681705236435,"(25, 14)"
10,0.025316454470157623,"(2, 28)"
10,0.025316454470157623,"(17, 13)"
10,0.03375527262687683,"(14, 28)"
11,0.025316454470157623,"(9, 22)"
11,0.03375527262687683,"(21, 13)"
11,0.025316454470157623,"(18, 15)"
11,0.025316454470157623,"(29, 5)"
11,0.03375527262687683,"(22, 25)"
12,0.025316454470157623,"(31, 13)"
12,0.037974681705236435,"(24, 5)"
12,0.025316454470157623,"(26, 2)"
12,0.05063290894031525,"(10, 19)"
12,0.03375527262687683,"(22, 13)"
13,0.025316454470157623,"(24, 10)"
13,0.037974681705236435,"(17, 27)"
13,0.025316454470157623,"(29, 11)"
13,0.05063290894031525,"(27, 4)"
13,0.03375527262687683,"(4, 0)"
14,0.025316454470157623,"(23, 22)"
14,0.029535863548517227,"(12, 1)"
14,0.025316454470157623,"(20, 21)"
14,0.04219409078359604,"(7, 22)"
14,0.04219409078359604,"(23, 18)"
15,0.025316454470157623,"(16, 8)"
15,0.037974681705236435,"(28, 21)"
15,0.025316454470157623,"(22, 31)"
15,0.04219409078359604,"(29, 3)"
15,0.04219409078359604,"(26, 18)"
16,0.025316454470157623,"(18, 21)"
16,0.037974681705236435,"(25, 24)"
16,0.025316454470157623,"(12, 19)"
16,0.04641349986195564,"(14, 8)"
16,0.04219409078359604,"(23, 11)"
17,0.025316454470157623,"(4, 2)"
17,0.037974681705236435,"(28, 0)"
17,0.025316454470157623,"(6, 31)"
17,0.04219409078359604,"(6, 28)"
17,0.037974681705236435,"(22, 9)"
18,0.025316454470157623,"(29, 8)"
18,0.04219409078359604,"(14, 8)"
18,0.025316454470157623,"(31, 28)"
18,0.04641349986195564,"(24, 5)"
18,0.037974681705236435,"(21, 26)"
19,0.025316454470157623,"(26, 10)"
19,0.04219409078359604,"(17, 13)"
19,0.025316454470157623,"(13, 26)"
19,0.04641349986195564,"(15, 7)"
19,0.037974681705236435,"(1, 19)"
20,0.025316454470157623,"(19, 11)"
20,0.037974681705236435,"(6, 13)"
20,0.025316454470157623,"(5, 14)"
20,0.04641349986195564,"(3, 10)"
20,0.037974681705236435,"(16, 14)"
21,0.025316454470157623,"(0, 0)"
21,0.037974681705236435,"(29, 13)"
21,0.025316454470157623,"(11, 15)"
21,0.04219409078359604,"(3, 5)"
21,0.037974681705236435,"(7, 30)"
22,0.029535863548517227,"(10, 27)"
22,0.037974681705236435,"(20, 8)"
22,0.025316454470157623,"(11, 26)"
22,0.04219409078359604,"(27, 11)"
22,0.037974681705236435,"(26, 13)"
23,0.029535863548517227,"(20, 0)"
23,0.03375527262687683,"(6, 9)"
23,0.025316454470157623,"(7, 14)"
23,0.04219409078359604,"(20, 23)"
23,0.03375527262687683,"(2, 13)"
24,0.029535863548517227,"(25, 8)"
24,0.03375527262687683,"(6, 14)"
24,0.025316454470157623,"(23, 27)"
24,0.04219409078359604,"(31, 18)"
24,0.037974681705236435,"(1, 17)"
25,0.025316454470157623,"(11, 14)"
25,0.03375527262687683,"(24, 20)"
25,0.025316454470157623,"(16, 22)"
25,0.04219409078359604,"(1, 2)"
25,0.037974681705236435,"(0, 30)"
26,0.02109704539179802,"(9, 24)"
26,0.03375527262687683,"(20, 13)"
26,0.025316454470157623,"(24, 31)"
26,0.04219409078359604,"(30, 31)"
26,0.037974681705236435,"(26, 19)"
27,0.02109704539179802,"(17, 27)"
27,0.03375527262687683,"(8, 23)"
27,0.025316454470157623,"(15, 13)"
27,0.04219409078359604,"(21, 13)"
27,0.04219409078359604,"(6, 11)"
28,0.02109704539179802,"(13, 26)"
28,0.03375527262687683,"(22, 23)"
28,0.025316454470157623,"(21, 21)"
28,0.04219409078359604,"(25, 27)"
28,0.04641349986195564,"(25, 14)"
29,0.025316454470157623,"(16, 31)"
29,0.03375527262687683,"(12, 10)"
29,0.025316454470157623,"(3, 1)"
29,0.04219409078359604,"(25, 2)"
29,0.04641349986195564,"(2, 24)"
30,0.025316454470157623,"(9, 6)"
30,0.029535863548517227,"(18, 15)"
30,0.025316454470157623,"(20, 25)"
30,0.05063290894031525,"(5, 30)"
30,0.04641349986195564,"(0, 29)"
31,0.025316454470157623,"(18, 14)"
31,0.029535863548517227,"(0, 9)"
31,0.025316454470157623,"(12, 27)"
31,0.04641349986195564,"(17, 21)"
31,0.04641349986195564,"(1, 22)"
32,0.025316454470157623,"(17, 13)"
32,0.029535863548517227,"(0, 20)"
32,0.025316454470157623,"(23, 30)"
32,0.04641349986195564,"(23, 12)"
32,0.04641349986195564,"(24, 2)"
33,0.025316454470157623,"(17, 20)"
33,0.025316454470157623,"(8, 14)"
33,0.025316454470157623,"(22, 12)"
33,0.05485231801867485,"(10, 31)"
33,0.04641349986195564,"(28, 1)"
34,0.025316454470157623,"(21, 0)"
34,0.025316454470157623,"(4, 26)"
34,0.025316454470157623,"(28, 18)"
34,0.05485231801867485,"(10, 13)"
34,0.04641349986195564,"(16, 28)"
35,0.025316454470157623,"(25, 7)"
35,0.025316454470157623,"(29, 27)"
35,0.025316454470157623,"(1, 22)"
35,0.05485231801867485,"(14, 23)"
35,0.04641349986195564,"(3, 6)"
36,0.025316454470157623,"(1, 0)"
36,0.025316454470157623,"(20, 24)"
36,0.025316454470157623,"(17, 21)"
36,0.06751054525375366,"(11, 3)"
36,0.04219409078359604,"(20, 7)"
37,0.025316454470157623,"(27, 24)"
37,0.025316454470157623,"(14, 5)"
37,0.025316454470157623,"(6, 17)"
37,0.06751054525375366,"(14, 24)"
37,0.04219409078359604,"(10, 22)"
38,0.025316454470157623,"(31, 18)"
38,0.025316454470157623,"(31, 28)"
38,0.025316454470157623,"(25, 5)"
38,0.07172995805740356,"(20, 25)"
38,0.037974681705236435,"(21, 3)"
39,0.025316454470157623,"(28, 1)"
39,0.029535863548517227,"(11, 6)"
39,0.025316454470157623,"(14, 7)"
39,0.07172995805740356,"(22, 17)"
39,0.04219409078359604,"(2, 3)"
40,0.025316454470157623,"(2, 10)"
40,0.029535863548517227,"(28, 3)"
40,0.025316454470157623,"(13, 11)"
40,0.06329113245010376,"(9, 27)"
40,0.04219409078359604,"(27, 7)"
41,0.025316454470157623,"(23, 20)"
41,0.025316454470157623,"(19, 16)"
41,0.025316454470157623,"(26, 28)"
41,0.06329113245010376,"(0, 3)"
41,0.037974681705236435,"(19, 18)"
42,0.025316454470157623,"(31, 7)"
42,0.029535863548517227,"(10, 11)"
42,0.025316454470157623,"(15, 27)"
42,0.06329113245010376,"(31, 28)"
42,0.037974681705236435,"(19, 9)"
43,0.025316454470157623,"(3, 23)"
43,0.03375527262687683,"(10, 10)"
43,0.025316454470157623,"(25, 17)"
43,0.06329113245010376,"(17, 11)"
43,0.037974681705236435,"(7, 14)"
44,0.025316454470157623,"(10, 7)"
44,0.02109704539179802,"(9, 16)"
44,0.025316454470157623,"(22, 21)"
44,0.06329113245010376,"(3, 11)"
44,0.03375527262687683,"(30, 20)"
45,0.025316454470157623,"(24, 26)"
45,0.02109704539179802,"(3, 15)"
45,0.025316454470157623,"(11, 21)"
45,0.06329113245010376,"(21, 28)"
45,0.03375527262687683,"(8, 5)"
46,0.025316454470157623,"(24, 4)"
46,0.02109704539179802,"(16, 18)"
46,0.025316454470157623,"(1, 12)"
46,0.059071727097034454,"(4, 23)"
46,0.03375527262687683,"(18, 14)"
47,0.025316454470157623,"(24, 1)"
47,0.02109704539179802,"(23, 25)"
47,0.025316454470157623,"(18, 2)"
47,0.059071727097034454,"(16, 1)"
47,0.03375527262687683,"(15, 15)"
48,0.025316454470157623,"(9, 19)"
48,0.02109704539179802,"(12, 16)"
48,0.025316454470157623,"(1, 9)"
48,0.059071727097034454,"(3, 13)"
48,0.025316454470157623,"(2, 15)"
49,0.025316454470157623,"(6, 20)"
49,0.016877636313438416,"(6, 10)"
49,0.025316454470157623,"(24, 30)"
49,0.059071727097034454,"(13, 30)"
49,0.029535863548517227,"(2, 0)"
50,0.025316454470157623,"(15, 30)"
50,0.016877636313438416,"(20, 5)"
50,0.025316454470157623,"(9, 6)"
50,0.059071727097034454,"(23, 13)"
50,0.029535863548517227,"(27, 11)"
51,0.025316454470157623,"(19, 27)"
51,0.016877636313438416,"(12, 15)"
51,0.025316454470157623,"(10, 5)"
51,0.059071727097034454,"(8, 30)"
51,0.03375527262687683,"(14, 21)"
52,0.025316454470157623,"(20, 7)"
52,0.016877636313438416,"(20, 29)"
52,0.025316454470157623,"(3, 6)"
52,0.059071727097034454,"(2, 0)"
52,0.04219409078359604,"(31, 18)"
53,0.025316454470157623,"(19, 23)"
53,0.016877636313438416,"(18, 5)"
53,0.025316454470157623,"(1, 20)"
53,0.059071727097034454,"(28, 14)"
53,0.04219409078359604,"(21, 7)"
54,0.02109704539179802,"(8, 25)"
54,0.016877636313438416,"(24, 10)"
54,0.025316454470157623,"(17, 3)"
54,0.059071727097034454,"(26, 9)"
54,0.04219409078359604,"(14, 19)"
55,0.025316454470157623,"(1, 3)"
55,0.016877636313438416,"(30, 10)"
55,0.025316454470157623,"(22, 2)"
55,0.059071727097034454,"(30, 2)"
55,0.04219409078359604,"(19, 6)"
56,0.025316454470157623,"(21, 31)"
56,0.016877636313438416,"(14, 1)"
56,0.025316454470157623,"(16, 1)"
56,0.059071727097034454,"(21, 12)"
56,0.04219409078359604,"(9, 22)"
57,0.025316454470157623,"(7, 17)"
57,0.016877636313438416,"(20, 3)"
57,0.025316454470157623,"(16, 9)"
57,0.059071727097034454,"(0, 5)"
57,0.04219409078359604,"(17, 2)"
58,0.025316454470157623,"(2, 21)"
58,0.016877636313438416,"(29, 6)"
58,0.025316454470157623,"(14, 28)"
58,0.059071727097034454,"(29, 21)"
58,0.04219409078359604,"(23, 7)"
59,0.02109704539179802,"(6, 1)"
59,0.016877636313438416,"(14, 13)"
59,0.025316454470157623,"(4, 11)"
59,0.059071727097034454,"(29, 29)"
59,0.04219409078359604,"(13, 18)"
60,0.02109704539179802,"(27, 10)"
60,0.02109704539179802,"(22, 9)"
60,0.025316454470157623,"(4, 5)"
60,0.059071727097034454,"(3, 20)"
60,0.04219409078359604,"(8, 27)"
61,0.02109704539179802,"(29, 26)"
61,0.02109704539179802,"(12, 2)"
61,0.029535863548517227,"(25, 3)"
61,0.06329113245010376,"(21, 21)"
61,0.04219409078359604,"(17, 11)"
62,0.02109704539179802,"(12, 29)"
62,0.02109704539179802,"(14, 22)"
62,0.029535863548517227,"(23, 0)"
62,0.06329113245010376,"(19, 29)"
62,0.05063290894031525,"(14, 10)"
63,0.02109704539179802,"(17, 25)"
63,0.02109704539179802,"(29, 11)"
63,0.029535863548517227,"(28, 3)"
63,0.06751054525375366,"(1, 27)"
63,0.04641349986195564,"(1, 7)"
64,0.02109704539179802,"(27, 12)"
64,0.02109704539179802,"(31, 0)"
64,0.025316454470157623,"(1, 25)"
64,0.06751054525375366,"(20, 5)"
64,0.04641349986195564,"(24, 21)"
65,0.02109704539179802,"(28, 20)"
65,0.016877636313438416,"(15, 26)"
65,0.025316454470157623,"(14, 10)"
65,0.06751054525375366,"(11, 23)"
65,0.05063290894031525,"(8, 8)"
66,0.02109704539179802,"(28, 13)"
66,0.016877636313438416,"(28, 17)"
66,0.025316454470157623,"(21, 17)"
66,0.06751054525375366,"(20, 27)"
66,0.05063290894031525,"(29, 10)"
67,0.02109704539179802,"(4, 14)"
67,0.016877636313438416,"(9, 4)"
67,0.02109704539179802,"(11, 20)"
67,0.06751054525375366,"(22, 12)"
67,0.037974681705236435,"(1, 8)"
68,0.03375527262687683,"(7, 8)"
68,0.016877636313438416,"(3, 30)"
68,0.025316454470157623,"(2, 0)"
68,0.06751054525375366,"(25, 23)"
68,0.03375527262687683,"(6, 26)"
69,0.03375527262687683,"(12, 25)"
69,0.016877636313438416,"(2, 13)"
69,0.02109704539179802,"(13, 9)"
69,0.07594936341047287,"(1, 16)"
69,0.03375527262687683,"(7, 19)"
70,0.03375527262687683,"(13, 12)"
70,0.016877636313438416,"(0, 2)"
70,0.025316454470157623,"(5, 24)"
70,0.07594936341047287,"(21, 30)"
70,0.03375527262687683,"(16, 13)"
71,0.03375527262687683,"(29, 11)"
71,0.016877636313438416,"(17, 30)"
71,0.025316454470157623,"(9, 26)"
71,0.07594936341047287,"(15, 5)"
71,0.03375527262687683,"(18, 8)"
72,0.03375527262687683,"(2, 4)"
72,0.016877636313438416,"(24, 4)"
72,0.02109704539179802,"(7, 22)"
72,0.07172995805740356,"(10, 15)"
72,0.029535863548517227,"(10, 14)"
73,0.03375527262687683,"(12, 10)"
73,0.02109704539179802,"(21, 8)"
73,0.02109704539179802,"(6, 28)"
73,0.07172995805740356,"(19, 19)"
73,0.029535863548517227,"(22, 1)"
74,0.03375527262687683,"(31, 29)"
74,0.02109704539179802,"(22, 7)"
74,0.02109704539179802,"(15, 23)"
74,0.07172995805740356,"(22, 10)"
74,0.029535863548517227,"(23, 21)"
75,0.03375527262687683,"(30, 13)"
75,0.02109704539179802,"(17, 28)"
75,0.02109704539179802,"(3, 22)"
75,0.07594936341047287,"(16, 20)"
75,0.029535863548517227,"(28, 10)"
76,0.03375527262687683,"(25, 25)"
76,0.02109704539179802,"(1, 7)"
76,0.02109704539179802,"(29, 30)"
76,0.07594936341047287,"(23, 0)"
76,0.025316454470157623,"(14, 29)"
77,0.03375527262687683,"(25, 31)"
77,0.016877636313438416,"(1, 19)"
77,0.02109704539179802,"(6, 20)"
77,0.07594936341047287,"(24, 8)"
77,0.025316454470157623,"(17, 12)"
78,0.03375527262687683,"(31, 31)"
78,0.016877636313438416,"(13, 23)"
78,0.02109704539179802,"(28, 4)"
78,0.07594936341047287,"(19, 18)"
78,0.029535863548517227,"(4, 9)"
79,0.03375527262687683,"(1, 4)"
79,0.016877636313438416,"(24, 14)"
79,0.02109704539179802,"(25, 7)"
79,0.07594936341047287,"(23, 9)"
79,0.025316454470157623,"(29, 15)"
80,0.03375527262687683,"(25, 20)"
80,0.016877636313438416,"(16, 27)"
80,0.02109704539179802,"(22, 1)"
80,0.07594936341047287,"(23, 30)"
80,0.025316454470157623,"(12, 25)"
81,0.03375527262687683,"(7, 19)"
81,0.016877636313438416,"(31, 29)"
81,0.02109704539179802,"(21, 1)"
81,0.07594936341047287,"(17, 8)"
81,0.025316454470157623,"(25, 17)"
82,0.03375527262687683,"(20, 15)"
82,0.016877636313438416,"(26, 12)"
82,0.02109704539179802,"(19, 31)"
82,0.07594936341047287,"(9, 7)"
82,0.025316454470157623,"(27, 6)"
83,0.04641349986195564,"(5, 19)"
83,0.02109704539179802,"(3, 17)"
83,0.02109704539179802,"(29, 24)"
83,0.07594936341047287,"(17, 16)"
83,0.025316454470157623,"(10, 10)"
84,0.04219409078359604,"(17, 0)"
84,0.02109704539179802,"(25, 31)"
84,0.02109704539179802,"(25, 20)"
84,0.07594936341047287,"(28, 21)"
84,0.025316454470157623,"(3, 30)"
85,0.05485231801867485,"(11, 3)"
85,0.02109704539179802,"(16, 13)"
85,0.02109704539179802,"(17, 19)"
85,0.07594936341047287,"(31, 6)"
85,0.025316454470157623,"(17, 1)"
86,0.05485231801867485,"(23, 14)"
86,0.02109704539179802,"(26, 1)"
86,0.02109704539179802,"(8, 5)"
86,0.07594936341047287,"(24, 29)"
86,0.025316454470157623,"(18, 11)"
87,0.05485231801867485,"(13, 0)"
87,0.025316454470157623,"(1, 31)"
87,0.02109704539179802,"(18, 12)"
87,0.07594936341047287,"(0, 28)"
87,0.029535863548517227,"(4, 29)"
88,0.05485231801867485,"(8, 18)"
88,0.02109704539179802,"(2, 3)"
88,0.02109704539179802,"(0, 10)"
88,0.07594936341047287,"(23, 28)"
88,0.029535863548517227,"(21, 24)"
89,0.05485231801867485,"(7, 26)"
89,0.025316454470157623,"(21, 31)"
89,0.008438818156719208,"(1, 15)"
89,0.07594936341047287,"(23, 6)"
89,0.029535863548517227,"(11, 30)"
90,0.05485231801867485,"(15, 26)"
90,0.025316454470157623,"(26, 5)"
90,0.012658227235078812,"(17, 30)"
90,0.07594936341047287,"(17, 28)"
90,0.029535863548517227,"(12, 19)"
91,0.05485231801867485,"(27, 2)"
91,0.025316454470157623,"(30, 25)"
91,0.012658227235078812,"(18, 29)"
91,0.07594936341047287,"(28, 30)"
91,0.025316454470157623,"(3, 12)"
92,0.05485231801867485,"(3, 25)"
92,0.02109704539179802,"(0, 6)"
92,0.012658227235078812,"(0, 26)"
92,0.08016876876354218,"(27, 15)"
92,0.029535863548517227,"(27, 31)"
93,0.05485231801867485,"(17, 1)"
93,0.02109704539179802,"(2, 1)"
93,0.012658227235078812,"(17, 9)"
93,0.07594936341047287,"(2, 11)"
93,0.025316454470157623,"(13, 3)"
94,0.05485231801867485,"(26, 17)"
94,0.025316454470157623,"(22, 2)"
94,0.012658227235078812,"(3, 29)"
94,0.07594936341047287,"(18, 17)"
94,0.029535863548517227,"(10, 11)"
95,0.05485231801867485,"(20, 8)"
95,0.02109704539179802,"(6, 7)"
95,0.016877636313438416,"(3, 10)"
95,0.08016876876354218,"(26, 24)"
95,0.029535863548517227,"(14, 17)"
96,0.05485231801867485,"(15, 1)"
96,0.02109704539179802,"(4, 1)"
96,0.016877636313438416,"(27, 7)"
96,0.08438818156719208,"(4, 24)"
96,0.029535863548517227,"(21, 22)"
97,0.05485231801867485,"(11, 18)"
97,0.02109704539179802,"(9, 19)"
97,0.016877636313438416,"(15, 1)"
97,0.08438818156719208,"(1, 19)"
97,0.029535863548517227,"(22, 3)"
98,0.05063290894031525,"(24, 3)"
98,0.02109704539179802,"(11, 10)"
98,0.016877636313438416,"(23, 25)"
98,0.07594936341047287,"(12, 23)"
98,0.029535863548517227,"(15, 0)"
99,0.05063290894031525,"(13, 10)"
99,0.02109704539179802,"(12, 20)"
99,0.016877636313438416,"(25, 27)"
99,0.08016876876354218,"(10, 9)"
99,0.03375527262687683,"(6, 9)"
100,0.05063290894031525,"(4, 11)"
100,0.02109704539179802,"(11, 0)"
100,0.016877636313438416,"(22, 6)"
100,0.08016876876354218,"(1, 10)"
100,0.03375527262687683,"(10, 0)"
101,0.05485231801867485,"(12, 3)"
101,0.02109704539179802,"(20, 27)"
101,0.016877636313438416,"(31, 30)"
101,0.08016876876354218,"(31, 12)"
101,0.03375527262687683,"(28, 18)"
102,0.059071727097034454,"(20, 27)"
102,0.02109704539179802,"(26, 0)"
102,0.016877636313438416,"(15, 30)"
102,0.08016876876354218,"(5, 9)"
102,0.03375527262687683,"(19, 19)"
103,0.05485231801867485,"(11, 15)"
103,0.02109704539179802,"(30, 27)"
103,0.016877636313438416,"(17, 29)"
103,0.08016876876354218,"(11, 4)"
103,0.03375527262687683,"(31, 5)"
104,0.05485231801867485,"(8, 8)"
104,0.02109704539179802,"(22, 0)"
104,0.016877636313438416,"(16, 16)"
104,0.08016876876354218,"(17, 19)"
104,0.03375527262687683,"(27, 24)"
105,0.059071727097034454,"(28, 27)"
105,0.02109704539179802,"(8, 26)"
105,0.012658227235078812,"(4, 28)"
105,0.07172995805740356,"(28, 25)"
105,0.03375527262687683,"(19, 17)"
106,0.059071727097034454,"(22, 16)"
106,0.02109704539179802,"(27, 18)"
106,0.016877636313438416,"(9, 23)"
106,0.07594936341047287,"(27, 2)"
106,0.03375527262687683,"(2, 7)"
107,0.059071727097034454,"(21, 7)"
107,0.02109704539179802,"(30, 23)"
107,0.016877636313438416,"(20, 31)"
107,0.07594936341047287,"(12, 25)"
107,0.03375527262687683,"(24, 29)"
108,0.06329113245010376,"(13, 20)"
108,0.02109704539179802,"(17, 4)"
108,0.016877636313438416,"(14, 22)"
108,0.07594936341047287,"(5, 24)"
108,0.03375527262687683,"(31, 19)"
109,0.06751054525375366,"(4, 1)"
109,0.025316454470157623,"(10, 26)"
109,0.016877636313438416,"(21, 27)"
109,0.07594936341047287,"(2, 17)"
109,0.03375527262687683,"(23, 8)"
110,0.06329113245010376,"(13, 1)"
110,0.025316454470157623,"(30, 12)"
110,0.016877636313438416,"(1, 10)"
110,0.08016876876354218,"(0, 21)"
110,0.03375527262687683,"(17, 21)"
111,0.06329113245010376,"(2, 0)"
111,0.025316454470157623,"(0, 17)"
111,0.016877636313438416,"(13, 17)"
111,0.08016876876354218,"(18, 29)"
111,0.03375527262687683,"(21, 30)"
112,0.06329113245010376,"(20, 5)"
112,0.025316454470157623,"(21, 2)"
112,0.016877636313438416,"(5, 6)"
112,0.08438818156719208,"(15, 31)"
112,0.03375527262687683,"(21, 25)"
113,0.06329113245010376,"(1, 5)"
113,0.025316454470157623,"(13, 26)"
113,0.016877636313438416,"(2, 17)"
113,0.08438818156719208,"(27, 16)"
113,0.03375527262687683,"(6, 16)"
114,0.06329113245010376,"(19, 2)"
114,0.025316454470157623,"(24, 11)"
114,0.016877636313438416,"(4, 19)"
114,0.08438818156719208,"(4, 28)"
114,0.04219409078359604,"(6, 23)"
115,0.06329113245010376,"(15, 11)"
115,0.025316454470157623,"(6, 28)"
115,0.016877636313438416,"(7, 2)"
115,0.08438818156719208,"(17, 23)"
115,0.04219409078359604,"(0, 1)"
116,0.06329113245010376,"(12, 20)"
116,0.025316454470157623,"(23, 20)"
116,0.016877636313438416,"(19, 5)"
116,0.08438818156719208,"(15, 0)"
116,0.05063290894031525,"(21, 8)"
117,0.059071727097034454,"(29, 17)"
117,0.025316454470157623,"(5, 27)"
117,0.012658227235078812,"(13, 15)"
117,0.08016876876354218,"(17, 12)"
117,0.05063290894031525,"(18, 31)"
118,0.059071727097034454,"(28, 8)"
118,0.025316454470157623,"(16, 16)"
118,0.012658227235078812,"(21, 5)"
118,0.08438818156719208,"(11, 10)"
118,0.05063290894031525,"(12, 27)"
119,0.05485231801867485,"(3, 12)"
119,0.025316454470157623,"(27, 9)"
119,0.012658227235078812,"(18, 22)"
119,0.08438818156719208,"(25, 19)"
119,0.05063290894031525,"(21, 1)"
120,0.05485231801867485,"(14, 31)"
120,0.02109704539179802,"(3, 13)"
120,0.016877636313438416,"(21, 13)"
120,0.08016876876354218,"(19, 6)"
120,0.05063290894031525,"(26, 17)"
121,0.05063290894031525,"(2, 15)"
121,0.02109704539179802,"(30, 6)"
121,0.016877636313438416,"(20, 20)"
121,0.08016876876354218,"(17, 29)"
121,0.03375527262687683,"(24, 26)"
122,0.05063290894031525,"(28, 28)"
122,0.02109704539179802,"(25, 19)"
122,0.02109704539179802,"(0, 23)"
122,0.08016876876354218,"(5, 1)"
122,0.03375527262687683,"(23, 3)"
123,0.05063290894031525,"(26, 20)"
123,0.02109704539179802,"(1, 24)"
123,0.016877636313438416,"(3, 26)"
123,0.08016876876354218,"(27, 20)"
123,0.037974681705236435,"(15, 9)"
124,0.05063290894031525,"(25, 17)"
124,0.02109704539179802,"(24, 24)"
124,0.016877636313438416,"(28, 30)"
124,0.08438818156719208,"(7, 29)"
124,0.03375527262687683,"(18, 26)"
125,0.05063290894031525,"(20, 17)"
125,0.02109704539179802,"(25, 4)"
125,0.016877636313438416,"(17, 20)"
125,0.08438818156719208,"(28, 7)"
125,0.037974681705236435,"(13, 9)"
126,0.05063290894031525,"(13, 25)"
126,0.02109704539179802,"(13, 29)"
126,0.016877636313438416,"(20, 14)"
126,0.08860759437084198,"(4, 21)"
126,0.037974681705236435,"(16, 31)"
127,0.05485231801867485,"(6, 26)"
127,0.02109704539179802,"(8, 27)"
127,0.016877636313438416,"(14, 8)"
127,0.08438818156719208,"(9, 18)"
127,0.037974681705236435,"(16, 9)"
128,0.059071727097034454,"(6, 31)"
128,0.02109704539179802,"(18, 19)"
128,0.02109704539179802,"(11, 6)"
128,0.08016876876354218,"(1, 26)"
128,0.037974681705236435,"(15, 24)"
129,0.059071727097034454,"(16, 16)"
129,0.02109704539179802,"(18, 0)"
129,0.02109704539179802,"(2, 31)"
129,0.08016876876354218,"(6, 20)"
129,0.04219409078359604,"(1, 0)"
130,0.05485231801867485,"(2, 31)"
130,0.02109704539179802,"(31, 16)"
130,0.02109704539179802,"(3, 14)"
130,0.08016876876354218,"(1, 1)"
130,0.04219409078359604,"(7, 5)"
131,0.04641349986195564,"(18, 6)"
131,0.02109704539179802,"(17, 16)"
131,0.02109704539179802,"(23, 23)"
131,0.08016876876354218,"(23, 4)"
131,0.04219409078359604,"(29, 25)"
132,0.059071727097034454,"(10, 19)"
132,0.02109704539179802,"(23, 14)"
132,0.02109704539179802,"(31, 24)"
132,0.08016876876354218,"(8, 5)"
132,0.04219409078359604,"(12, 1)"
133,0.059071727097034454,"(18, 20)"
133,0.025316454470157623,"(3, 23)"
133,0.02109704539179802,"(6, 6)"
133,0.07594936341047287,"(0, 6)"
133,0.04219409078359604,"(16, 16)"
134,0.06329113245010376,"(1, 13)"
134,0.025316454470157623,"(5, 6)"
134,0.012658227235078812,"(21, 19)"
134,0.07594936341047287,"(24, 27)"
134,0.04641349986195564,"(10, 27)"
135,0.06329113245010376,"(3, 30)"
135,0.025316454470157623,"(23, 9)"
135,0.012658227235078812,"(31, 23)"
135,0.07594936341047287,"(29, 23)"
135,0.04641349986195564,"(30, 19)"
136,0.06329113245010376,"(29, 29)"
136,0.025316454470157623,"(19, 21)"
136,0.012658227235078812,"(30, 31)"
136,0.06751054525375366,"(13, 1)"
136,0.04641349986195564,"(23, 14)"
137,0.059071727097034454,"(12, 21)"
137,0.025316454470157623,"(20, 21)"
137,0.012658227235078812,"(29, 23)"
137,0.07172995805740356,"(10, 28)"
137,0.04641349986195564,"(7, 24)"
138,0.059071727097034454,"(24, 18)"
138,0.02109704539179802,"(13, 10)"
138,0.012658227235078812,"(23, 13)"
138,0.07172995805740356,"(27, 25)"
138,0.04641349986195564,"(21, 28)"
139,0.06329113245010376,"(25, 5)"
139,0.02109704539179802,"(25, 3)"
139,0.012658227235078812,"(18, 24)"
139,0.07172995805740356,"(29, 9)"
139,0.04641349986195564,"(26, 12)"
140,0.06329113245010376,"(22, 21)"
140,0.02109704539179802,"(31, 21)"
140,0.012658227235078812,"(26, 29)"
140,0.07172995805740356,"(20, 22)"
140,0.04641349986195564,"(27, 30)"
141,0.06329113245010376,"(24, 23)"
141,0.02109704539179802,"(29, 2)"
141,0.012658227235078812,"(17, 10)"
141,0.07594936341047287,"(13, 19)"
141,0.04641349986195564,"(27, 3)"
142,0.06329113245010376,"(28, 26)"
142,0.02109704539179802,"(13, 14)"
142,0.012658227235078812,"(24, 10)"
142,0.08016876876354218,"(10, 11)"
142,0.04219409078359604,"(13, 1)"
143,0.06329113245010376,"(8, 30)"
143,0.02109704539179802,"(0, 3)"
143,0.012658227235078812,"(16, 4)"
143,0.07594936341047287,"(16, 18)"
143,0.04219409078359604,"(9, 26)"
144,0.09282699972391129,"(12, 30)"
144,0.02109704539179802,"(13, 7)"
144,0.012658227235078812,"(28, 1)"
144,0.07594936341047287,"(4, 12)"
144,0.04219409078359604,"(17, 20)"
145,0.09282699972391129,"(11, 13)"
145,0.02109704539179802,"(15, 28)"
145,0.012658227235078812,"(17, 24)"
145,0.08016876876354218,"(3, 7)"
145,0.04219409078359604,"(17, 3)"
146,0.09704640507698059,"(1, 30)"
146,0.02109704539179802,"(11, 26)"
146,0.012658227235078812,"(27, 21)"
146,0.08438818156719208,"(6, 5)"
146,0.04219409078359604,"(19, 20)"
147,0.09282699972391129,"(22, 11)"
147,0.02109704539179802,"(11, 5)"
147,0.012658227235078812,"(25, 2)"
147,0.08438818156719208,"(19, 9)"
147,0.04219409078359604,"(6, 10)"
148,0.09704640507698059,"(0, 19)"
148,0.02109704539179802,"(0, 19)"
148,0.012658227235078812,"(13, 30)"
148,0.08016876876354218,"(0, 30)"
148,0.037974681705236435,"(29, 28)"
149,0.08438818156719208,"(8, 5)"
149,0.02109704539179802,"(29, 28)"
149,0.012658227235078812,"(0, 8)"
149,0.07594936341047287,"(7, 19)"
149,0.037974681705236435,"(17, 5)"
150,0.08438818156719208,"(29, 22)"
150,0.02109704539179802,"(1, 11)"
150,0.012658227235078812,"(12, 16)"
150,0.07594936341047287,"(24, 4)"
150,0.037974681705236435,"(19, 11)"
